{"bearing_pressure_max": 297.5117850410266, "bearing_pressure_min": 125.32574427912718, "bearing_ok": 